Department,URL
School of Agriculture and Applied Sciences,https://www.alcorn.edu/academics/schools-and-departments/school-of-agriculture-and-applied-sciences
Advanced Technologies,https://www.alcorn.edu/academics/schools-and-departments/school-of-agriculture-and-applied-sciences/academic-units/department-of-advanced-technologies
Agriculture,https://www.alcorn.edu/academics/schools-and-departments/school-of-agriculture-and-applied-sciences/academic-units/department-of-agriculture
Human Sciences,https://www.alcorn.edu/academics/schools-and-departments/school-of-agriculture-and-applied-sciences/academic-units/department-of-human-sciences
Extension Program,https://www.alcorn.edu/academics/schools-and-departments/school-of-agriculture-and-applied-sciences/land-grant-programs/extension-and-outreach
Global Programs,https://www.alcorn.edu/academics/schools-and-departments/school-of-agriculture-and-applied-sciences/land-grant-programs/global-programs
School of Arts and Sciences,https://www.alcorn.edu/academics/schools-and-departments/school-of-arts-and-sciences
Biological Sciences,https://www.alcorn.edu/academics/schools-and-departments/school-of-arts-and-sciences/biological-sciences
Chemistry and Physics,https://www.alcorn.edu/academics/schools-and-departments/school-of-arts-and-sciences/chemistry-and-physics
"English, Languages, and Mass Communication",https://www.alcorn.edu/academics/schools-and-departments/school-of-arts-and-sciences/department-of-mass-communications
Fine Arts,https://www.alcorn.edu/academics/schools-and-departments/school-of-arts-and-sciences/fine-arts
Mathematics and Computer Science,https://www.alcorn.edu/academics/schools-and-departments/school-of-arts-and-sciences/department-of-mathematics-and-computer-science
Military Science,https://www.alcorn.edu/academics/schools-and-departments/school-of-arts-and-sciences/military-sciences
Social Sciences,https://www.alcorn.edu/academics/schools-and-departments/school-of-arts-and-sciences/social-sciences
Social Work,https://www.alcorn.edu/academics/schools-and-departments/school-of-arts-and-sciences/department-of-social-work
School of Business,https://www.alcorn.edu/academics/schools-and-departments/school-of-business
Accounting,https://www.alcorn.edu/academics/schools-and-departments/school-of-business/programs-of-study/undergraduate/accounting
Business Administration,https://www.alcorn.edu/academics/schools-and-departments/school-of-business/programs-of-study/undergraduate/business-administration
Master of Business Administration (MBA),https://www.alcorn.edu/academics/schools-and-departments/school-of-business/programs-of-study/graduate/mba
School of Education and Psychology,https://www.alcorn.edu/academics/schools-and-departments/school-of-education-and-psychology
Education and Psychology,https://www.alcorn.edu/academics/schools-and-departments/school-of-education-and-psychology/department-of-education-and-psychology
"Health, Physical Education, and Recreation",https://www.alcorn.edu/academics/schools-and-departments/school-of-education-and-psychology/department-of-health-physical-education-and-recreation
School of Nursing,https://www.alcorn.edu/academics/schools-and-departments/school-of-nursing
Associate of Science,https://www.alcorn.edu/academics/schools-and-departments/school-of-nursing/associate-of-science
Bachelor of Science,https://www.alcorn.edu/academics/schools-and-departments/school-of-nursing/bachelor-of-science
Master of Science,https://www.alcorn.edu/academics/schools-and-departments/school-of-nursing/master-of-science
Doctor of Nursing Practice (DNP),https://www.alcorn.edu/academics/schools-and-departments/school-of-nursing/doctor-of-nursing-practice
School of Nursing facutly and staff,https://www.alcorn.edu/academics/schools-and-departments/school-of-nursing/faculty-and-staff-directory
School of Education and Psychology faculty and staff,https://www.alcorn.edu/academics/schools-and-departments/school-of-education-and-psychology/soep-faculty-staff
"Health, Physical Education, and Recreation facutly and staff",https://www.alcorn.edu/academics/schools-and-departments/school-of-education-and-psychology/department-of-health-physical-education-and-recreation/hper-faculty-staff
Education and Psychology faculty and staff,https://www.alcorn.edu/academics/schools-and-departments/school-of-education-and-psychology/department-of-education-and-psychology/faculty-staff
School of Business faculty and staff,https://www.alcorn.edu/academics/schools-and-departments/school-of-business/faculty-and-staff
School of Arts and Sciences faculty and staff,https://www.alcorn.edu/academics/schools-and-departments/school-of-arts-and-sciences/listing-of-faculty-and-staff
Advanced Technologies faculty and staff,https://alcornedu.finalsite.com/uploaded/files/oaa/schools/agappliedsci/adtech/Ag_Advanced_Technologies_Faculty_Sheet1.pdf
Agriculture faculty and staff,https://www.alcorn.edu/academics/schools-and-departments/school-of-agriculture-and-applied-sciences/academic-units/department-of-agriculture/faculty-and-staff
Human Sciences faculty and staff,https://www.alcorn.edu/academics/schools-and-departments/school-of-agriculture-and-applied-sciences/academic-units/department-of-human-sciences/faculty-and-staff
Center for Biotechnology,https://www.alcorn.edu/academics/schools-and-departments/school-of-agriculture-and-applied-sciences/academic-units/center-for-biotechnology
Center for Biotechnology faculty and staff,https://alcornedu.finalsite.com/uploaded/files/oaa/schools/agappliedsci/biotech/Ag_Biotechnology_Faculty_Sheet3.pdf
home,https://www.alcorn.edu/