a,https://www.cau.edu/school-of-arts-and-sciences/aawh/index.html
a,https://www.cau.edu/school-of-arts-and-sciences/art-fashion/index.html
a,https://www.cau.edu/school-of-arts-and-sciences/biological-sciences/index.html
a,https://www.cau.edu/school-of-arts-and-sciences/chemistry/index.html
a,https://www.cau.edu/school-of-arts-and-sciences/cis/index.html
a,https://www.cau.edu/school-of-arts-and-sciences/english-modern-languages/index.html
a,https://www.cau.edu/school-of-arts-and-sciences/engineering-dual-degree.html
a,https://www.cau.edu/school-of-arts-and-sciences/doctor-philosophy-humanities/index.html
a,https://www.cau.edu/school-of-arts-and-sciences/mathematics/index.html
a,https://www.cau.edu/school-of-arts-and-sciences/music/index.html
a,https://www.cau.edu/school-of-arts-and-sciences/physics/index.html
a,https://www.cau.edu/school-of-arts-and-sciences/psychology/index.html
a,https://www.cau.edu/school-of-arts-and-sciences/political-science/index.html
a,https://www.cau.edu/school-of-arts-and-sciences/public-administration/index.html
a,https://www.cau.edu/school-of-arts-and-sciences/religion-philosophy/index.html
a,https://www.cau.edu/school-of-arts-and-sciences/mass-media-arts/index.html
a,https://www.cau.edu/school-of-arts-and-sciences/sociology-criminal-justice/index.html
a,https://www.cau.edu/school-of-arts-and-sciences/speech-communication-theatre-arts/index.html
a,https://www.cau.edu/school-of-business/Departments/accounting.html
a,https://www.cau.edu/school-of-business/Departments/Decision-sciences.html
a,https://www.cau.edu/school-of-business/Departments/Economics.html
a,https://www.cau.edu/school-of-business/Departments/Finance.html
a,https://www.cau.edu/school-of-business/Departments/management.html
a,https://www.cau.edu/school-of-business/Departments/Marketing%20.html
a,https://www.cau.edu/school-of-education/department-of-counselor-education/index.html
a,https://www.cau.edu/school-of-education/department-of-curriculum-and-instruction/index.html
a,https://www.cau.edu/school-of-education/department-of-educational-leadership/index.html
a,https://www.cau.edu/school-of-social-work/index.html