Agricultural Sciences,http://catalog.famu.edu/preview_entity.php?catoid=10&ent_oid=843&returnto=800
Naval Sciences,http://catalog.famu.edu/preview_entity.php?catoid=10&ent_oid=844&returnto=800
Elementary Education,http://catalog.famu.edu/preview_entity.php?catoid=10&ent_oid=846&returnto=800
Educational Leadership and Counseling,http://catalog.famu.edu/preview_entity.php?catoid=10&ent_oid=847&returnto=800
"Health, Physical Education, and Recreation",http://catalog.famu.edu/preview_entity.php?catoid=10&ent_oid=848&returnto=800
"Secondary Education, Technology Education, and Foundations",http://catalog.famu.edu/preview_entity.php?catoid=10&ent_oid=850&returnto=800
Institute of Public Health,http://catalog.famu.edu/preview_entity.php?catoid=10&ent_oid=857&returnto=800
Biology,http://catalog.famu.edu/preview_entity.php?catoid=10&ent_oid=859&returnto=800
Chemistry,http://catalog.famu.edu/preview_entity.php?catoid=10&ent_oid=860&returnto=800
Computer and Information Sciences,http://catalog.famu.edu/preview_entity.php?catoid=10&ent_oid=861&returnto=800
Mathematics,http://catalog.famu.edu/preview_entity.php?catoid=10&ent_oid=862&returnto=800
Physics,http://catalog.famu.edu/preview_entity.php?catoid=10&ent_oid=863&returnto=800
English and Modern Languages,http://catalog.famu.edu/preview_entity.php?catoid=10&ent_oid=865&returnto=800
"History, Political Science, Geography and African American Studies",http://catalog.famu.edu/preview_entity.php?catoid=10&ent_oid=866&returnto=800
Interdisciplinary Studies,http://catalog.famu.edu/preview_entity.php?catoid=10&ent_oid=867&returnto=800
Military Science and Leadership,http://catalog.famu.edu/preview_entity.php?catoid=10&ent_oid=868&returnto=800
Music,http://catalog.famu.edu/preview_entity.php?catoid=10&ent_oid=869&returnto=800
Psychology,http://catalog.famu.edu/preview_entity.php?catoid=10&ent_oid=870&returnto=800
Social Work,http://catalog.famu.edu/preview_entity.php?catoid=10&ent_oid=871&returnto=800
Sociology and Criminal Justice,http://catalog.famu.edu/preview_entity.php?catoid=10&ent_oid=872&returnto=800
"Visual Arts, Humanities and Theatre",http://catalog.famu.edu/preview_entity.php?catoid=10&ent_oid=873&returnto=800
Chemical and Biomedical Engineering,http://catalog.famu.edu/preview_entity.php?catoid=10&ent_oid=875&returnto=800
Civil and Environmental Engineering,http://catalog.famu.edu/preview_entity.php?catoid=10&ent_oid=876&returnto=800
Electrical and Computer Engineering,http://catalog.famu.edu/preview_entity.php?catoid=10&ent_oid=877&returnto=800
Industrial Engineering,http://catalog.famu.edu/preview_entity.php?catoid=10&ent_oid=878&returnto=800
Mechanical Engineering,http://catalog.famu.edu/preview_entity.php?catoid=10&ent_oid=879&returnto=800
Cardiopulmonary Science,http://catalog.famu.edu/preview_entity.php?catoid=10&ent_oid=881&returnto=800
Health Care Management,http://catalog.famu.edu/preview_entity.php?catoid=10&ent_oid=882&returnto=800
Health Informatics and Information Management,http://catalog.famu.edu/preview_entity.php?catoid=10&ent_oid=883&returnto=800
Health Sciences,http://catalog.famu.edu/preview_entity.php?catoid=10&ent_oid=905&returnto=800
Occupational Therapy,http://catalog.famu.edu/preview_entity.php?catoid=10&ent_oid=884&returnto=800
Physical Therapy,http://catalog.famu.edu/preview_entity.php?catoid=10&ent_oid=885&returnto=800
Architecture,http://catalog.famu.edu/preview_entity.php?catoid=10&ent_oid=887&returnto=800
Engineering Technology,http://catalog.famu.edu/preview_entity.php?catoid=10&ent_oid=888&returnto=800
Economics & Professional Leadership Development,http://catalog.famu.edu/preview_entity.php?catoid=10&ent_oid=891&returnto=800
Journalism,http://catalog.famu.edu/preview_entity.php?catoid=10&ent_oid=901&returnto=800
Graphic Communication,http://catalog.famu.edu/preview_entity.php?catoid=10&ent_oid=902&returnto=800
