a,http://biz.hamptonu.edu/page/Accounting-and-Finance
a,http://biz.hamptonu.edu/page/Business-Administration
a,http://biz.hamptonu.edu/page/Center-for-Applied-Economics-and-Entrepreneurship
a,http://biz.hamptonu.edu/page/Management
a,http://biz.hamptonu.edu/page/Marketing
a,http://architecture.set.hamptonu.edu/
a,http://aviation.set.hamptonu.edu/
a,http://chemical.set.hamptonu.edu/
a,http://ece.set.hamptonu.edu/
a,http://libarts.hamptonu.edu/page/Counseling-Home
a,http://libarts.hamptonu.edu/page/Education-Home
a,http://libarts.hamptonu.edu/page/English--Foreign-Languages-Home
a,http://libarts.hamptonu.edu/page/Music-Home
a,http://libarts.hamptonu.edu/page/Psychology-Home
a,http://libarts.hamptonu.edu/page/Political-Science--History-Home
a,http://libarts.hamptonu.edu/page/Sociology--Criminal-Justice-Home
a,http://libarts.hamptonu.edu/page/Sports-Science-and-Wellness-Home
a,http://nursing.hamptonu.edu/page/Bachelors-Program--Health-Sciences
a,http://nursing.hamptonu.edu/page/Bachelors-Program--Nursing
a,https://home.hamptonu.edu/pharmacy/
a,https://science.hamptonu.edu/bio/
a,https://science.hamptonu.edu/chem/
a,https://science.hamptonu.edu/mes/
a,https://science.hamptonu.edu/csad/
a,https://science.hamptonu.edu/pt/
a,https://science.hamptonu.edu/prehealth/
a,https://science.hamptonu.edu/aps/
a,https://science.hamptonu.edu/compsci/
a,https://science.hamptonu.edu/math/
a,https://science.hamptonu.edu/naval/
a,https://science.hamptonu.edu/physics/
a,http://shsjc.hamptonu.edu/