w,https://www.jsums.edu/accounting/
w,https://www.jsums.edu/economics/
w,https://www.jsums.edu/commcounseling/
w,https://www.jsums.edu/eduleadership/
w,https://www.jsums.edu/emes/
w,https://www.jsums.edu/earlyeducation/
w,https://www.jsums.edu/ephd/
w,https://www.jsums.edu/healthedu/
w,https://www.jsums.edu/lifelearning/
w,https://www.jsums.edu/businessgraduate/welcome/
w,https://www.jsums.edu/behavioralhealth/
w,https://www.jsums.edu/commdisorders/
w,https://www.jsums.edu/health/
w,https://www.jsums.edu/healthpolicy/
w,https://www.jsums.edu/socialwork/bachelor-of-social-work/
w,https://www.jsums.edu/socialwork/masters-of-social-work-program/
w,https://www.jsums.edu/socialwork/phd-program/
w,https://www.jsums.edu/art/
w,https://www.jsums.edu/criminaljustice/
w,jsums.edu/english/
w,https://www.jsums.edu/history/
w,https://www.jsums.edu/sjms/
w,https://www.jsums.edu/arotc/
w,https://www.jsums.edu/music/
w,https://www.jsums.edu/polisci/
w,https://www.jsums.edu/psychology/
w,https://www.jsums.edu/publicpolicy/
w,https://www.jsums.edu/afrotc/
w,https://www.jsums.edu/biology/
w,https://www.jsums.edu/chemistry/
w,https://www.jsums.edu/civilengineering/
w,https://www.jsums.edu/eecompsci/
w,https://www.jsums.edu/planning/
w,https://www.jsums.edu/math/