a,https://www2.morgan.edu/accounting
a,https://www.morgan.edu/actuarialscience
a,https://www2.morgan.edu/seus/aslp
a,https://www.morgan.edu/biology
a,https://www2.morgan.edu/sbm/buad
a,https://www2.morgan.edu/college_of_liberal_arts/departments/psychology/center_for_predictive_analytics.html
a,https://www2.morgan.edu/chemistry
a,https://www2.morgan.edu/soe/civileng
a,https://www2.morgan.edu/computerscience
a,https://www2.morgan.edu/school_of_architecture__planning/academic_departments/construction_management.html
a,https://www2.morgan.edu/cla/economics
a,https://www2.morgan.edu/cla/english
a,https://www2.morgan.edu/seus/facs
a,https://www2.morgan.edu/cla/finearts
a,https://www2.morgan.edu/school_of_architecture__planning/academic_departments/graduate_built_environment_studies.html
a,https://www2.morgan.edu/cla/history
a,https://www.morgan.edu/mathematics
a,https://www2.morgan.edu/rotc
a,https://www2.morgan.edu/sgjc/multijournalism
a,https://www2.morgan.edu/sgjc/multiplatform
a,https://www.morgan.edu/cla/philosophy
a,https://www2.morgan.edu/physics
a,https://www.morgan.edu/cla/politicalscience
a,https://www2.morgan.edu/psychology
a,https://www2.morgan.edu/cla/sociology
a,https://www2.morgan.edu/sgjc/scom
a,https://www.morgan.edu/seus/tepd
a,https://www2.morgan.edu/school_of_architecture__planning/academic_departments/undergraduate_design.html
a,https://www.morgan.edu/cla/worldlanguages
a,https://www2.morgan.edu/soe/ece
a,https://www2.morgan.edu/soe/ise
a,https://www2.morgan.edu/sbm/inss
a,https://www2.morgan.edu/iur
a,https://www2.morgan.edu/medtech
a,https://www2.morgan.edu/nursing
a,https://www2.morgan.edu/schp/nutritionalscience
a,https://www2.morgan.edu/schp/publichealth
a,https://www.morgan.edu/transportation-and-urban-infrastructure-studies