w,https://www.nsu.edu/Academics/Faculty-and-Academic-Divisions/Schools-and-Colleges/College-of-Liberal-Arts/Departments/English-and-Foreign-Languages
w,https://www.nsu.edu/Academics/Faculty-and-Academic-Divisions/Schools-and-Colleges/College-of-Liberal-Arts/Departments/History-and-Interdisciplinary-Studies
w,https://www.nsu.edu/Academics/Faculty-and-Academic-Divisions/Schools-and-Colleges/College-of-Liberal-Arts/Departments/Mass-Communication-and-Journalism
w,https://www.nsu.edu/Academics/Faculty-and-Academic-Divisions/Schools-and-Colleges/College-of-Liberal-Arts/Departments/Political-Science
w,https://www.nsu.edu/Academics/Faculty-and-Academic-Divisions/Schools-and-Colleges/College-of-Liberal-Arts/Departments/Psychology
w,https://www.nsu.edu/Academics/Faculty-and-Academic-Divisions/Schools-and-Colleges/College-of-Liberal-Arts/Departments/Sociology
w,https://www.nsu.edu/Academics/Faculty-and-Academic-Divisions/Schools-and-Colleges/College-of-Liberal-Arts/Departments/Visual-and-Performing-Arts
w,https://www.nsu.edu/engineering
ww,https://www.nsu.edu/mathematics
w,https://www.nsu.edu/nrotc
w,https://www.nsu.edu/nursing
w,https://www.nsu.edu/physics
w,https://www.nsu.edu/technology
w,https://www.nsu.edu/allied-health
w,https://www.nsu.edu/armyrotc
w,https://www.nsu.edu/biology
w,https://www.nsu.edu/chemistry
w,https://www.nsu.edu/cs
ww,https://www.nsu.edu/dnimas
w,https://www.nsu.edu/sgsr
w,https://www.nsu.edu/business/bs-accountancy
w,https://www.nsu.edu/business/bs-business
w,https://www.nsu.edu/business/bs-tourism-and-hospitality
ww,https://www.nsu.edu/eese
w,https://www.nsu.edu/hpeexs
w,https://www.nsu.edu/sesl
w,https://www.nsu.edu/social-work
w,
w,
w,
w,
w,
w,
ww,
w,
w,
w,
w,
ww,
w,
w,
w,
w,
w,
w,
w,
w,
w,
ww,
w,
w,