a,https://www.nccu.edu/cash/art
a,https://www.nccu.edu/cash/criminal-justice
a,https://www.nccu.edu/cash/history
a,https://www.nccu.edu/cash/language-and-literature
a,https://www.nccu.edu/cash/mass-communication
a,https://www.nccu.edu/cash/music
a,https://www.nccu.edu/cash/political-science
a,https://www.nccu.edu/cash/psychology
a,https://www.nccu.edu/cash/public-administration
a,https://www.nccu.edu/cash/social-work
a,https://www.nccu.edu/cash/theatre
a,https://www.nccu.edu/chs/biological-and-biomedical-sciences
a,https://www.nccu.edu/academics/graduate-programs/communication-disorders-ms
a,https://www.nccu.edu/chs/chemistry-and-biochemistry-sciences
a,https://www.nccu.edu/chs/environmental-earth-and-geospatial-sciences
a,https://www.nccu.edu/chs/human-sciences
a,https://www.nccu.edu/chs/kinesiology-and-recreation
a,https://www.nccu.edu/chs/mathematics-and-physics
a,https://www.nccu.edu/chs/nursing
a,https://www.nccu.edu/chs/pharmaceutical-sciences
a,https://www.nccu.edu/chs/public-health-education-0
a,https://www.nccu.edu/business/business-faculty-and-staff
a,https://www.nccu.edu/academics/undergraduate-programs/accounting-bba
a,https://www.nccu.edu/programs/information-technology-information-communication-and-technology-concentration-bs
a,https://www.nccu.edu/academics/undergraduate-programs/business-administration-entrepreneurship-concentration-bba
a,https://www.nccu.edu/academics/undergraduate-programs/hospitality-and-tourism-administration-bs
a,https://www.nccu.edu/soe/faculty-and-staff-program
a,https://www.nccu.edu/academics/undergraduate-programs/middle-grades-education-ba
a,https://www.nccu.edu/academics/undergraduate-programs/elementary-education-ba
a,https://www.nccu.edu/academics/undergraduate-programs/early-childhood-education-bs
a,https://law.nccu.edu/
a,https://www.nccu.edu/slis