w,https://www.ncat.edu/ced/departments/educator-preparation/index.php
w,https://www.ncat.edu/ced/departments/counseling-dept/index.php
w,https://www.ncat.edu/ced/departments/leadership-studies-and-adult-education/index.php
w,https://www.ncat.edu/caes/departments/agribusiness-applied-economics-and-agriscience-education/index.php
w,https://www.ncat.edu/caes/departments/animal-sciences/index.php
w,https://www.ncat.edu/caes/departments/family-and-consumer-sciences/index.php
w,https://www.ncat.edu/caes/departments/natural-resources-and-environmental-design/index.php
w,https://www.ncat.edu/cahss/departments/english/index.php
w,https://www.ncat.edu/cahss/departments/history-and-political-science/index.php
w,https://www.ncat.edu/cahss/departments/journalism-and-mass-communication/index.php
w,https://www.ncat.edu/cahss/departments/liberal-studies/index.php
w,https://www.ncat.edu/cahss/departments/criminal-justice/index.php
w,https://www.ncat.edu/cahss/departments/visual-and-performing-arts/index.php
w,https://www.ncat.edu/cahss/departments/visual-and-performing-arts/theatre-arts/index.php
w,https://www.ncat.edu/cahss/departments/visual-and-performing-arts/dance/index.php
w,https://www.ncat.edu/cahss/departments/visual-and-performing-arts/music-program/index.php
w,https://www.ncat.edu/cobe/academic-departments/accounting-and-finance/index.php
w,https://www.ncat.edu/cobe/academic-departments/bisa/index.php
w,https://www.ncat.edu/cobe/academic-departments/economics/index.php
w,https://www.ncat.edu/cobe/academic-departments/management/index.php
w,https://www.ncat.edu/cobe/academic-departments/marketing-and-supply-chain-management/index.php
w,https://www.ncat.edu/coe/departments/cbbe/index.php
w,https://www.ncat.edu/coe/departments/caee/index.php
w,https://www.ncat.edu/coe/departments/cs/index.php
w,https://www.ncat.edu/coe/departments/cdse/index.php
w,https://www.ncat.edu/coe/departments/ece/index.php
w,https://www.ncat.edu/coe/departments/ise/index.php
w,https://www.ncat.edu/coe/departments/me/index.php
w,https://www.ncat.edu/chhs/departments/kinesiology/index.php
w,https://www.ncat.edu/chhs/departments/psychology/index.php
w,https://www.ncat.edu/chhs/departments/the-school-of-nursing/index.php
w,https://www.ncat.edu/chhs/departments/social-work-and-sociology/index.php
w,https://www.ncat.edu/chhs/departments/speech-studies-and-speech-pathology/index.php
w,https://www.ncat.edu/cost/departments/applied-engineering-technology/index.php
w,https://www.ncat.edu/cost/departments/biology/index.php
w,https://www.ncat.edu/cost/departments/built-environment/index.php
w,https://www.ncat.edu/cost/departments/chemistry/index.php
w,https://www.ncat.edu/cost/departments/computer-systems-technology/index.php
w,https://www.ncat.edu/cost/departments/computer-graphics-technology/index.php
w,https://www.ncat.edu/cost/departments/mathematics/index.php
w,https://www.ncat.edu/cost/departments/physics/index.php
w,https://www.ncat.edu/jsnn/index.php