w,https://www.pvamu.edu/bcas/departments/biology/
w,https://www.pvamu.edu/bcas/departments/chemistry/
w,https://www.pvamu.edu/bcas/departments/lcom/
w,https://www.pvamu.edu/bcas/departments/mathematics/
w,https://www.pvamu.edu/bcas/departments/music-theatre/
w,https://www.pvamu.edu/bcas/departments/arotc/
w,https://www.pvamu.edu/bcas/departments/nrotc/
w,https://www.pvamu.edu/bcas/departments/physics/
w,https://www.pvamu.edu/bcas/departments/swbps/
w,https://www.pvamu.edu/bcas/departments/social-work/
w,https://www.pvamu.edu/bcas/departments/psychology/
