w,https://www.subr.edu/subhome/85
w,https://www.subr.edu/subhome/42
w,https://www.subr.edu/subhome/urban-forestry-and-natural-resources
w,https://www.subr.edu/index.cfm/subhome/31
w,https://www.subr.edu/index.cfm/page/1448
w,https://www.subr.edu/subhome/master-of-business-administration
w,https://www.subr.edu/page/5684
w,https://www.subr.edu/index.cfm/page/338
w,https://www.subr.edu/page/349
w,https://www.subr.edu/index.cfm/subhome/49
w,https://www.subr.edu/index.cfm/page/243/n/1576
w,https://www.subr.edu/index.cfm/page/1690/n/1577
w,https://www.subr.edu/index.cfm/page/67
w,https://www.subr.edu/page/3992
w,https://www.subr.edu/page/707
w,https://www.subr.edu/index.cfm/subhome/61
w,https://www.subr.edu/index.cfm/subhome/19/
w,https://www.subr.edu/index.cfm/subhome/20
w,https://www.subr.edu/index.cfm/subhome/21
w,https://www.subr.edu/subhome/computer-science-department
w,https://www.subr.edu/page/2213
w,https://www.subr.edu/page/184
w,https://www.subr.edu/index.cfm/page/1183
w,https://www.subr.edu/page/3082
w,https://www.subr.edu/subhome/70