a,https://www.tnstate.edu/accounting/
a,https://www.tnstate.edu/ait/
a,https://www.tnstate.edu/agriculture/
a,https://www.tnstate.edu/cae/degree-ae.aspx
a,https://www.tnstate.edu/art/degrees.aspx
a,https://www.tnstate.edu/cla/
a,https://www.tnstate.edu/biology/
a,https://www.tnstate.edu/businessadmin/
a,https://www.tnstate.edu/bis/
a,https://www.tnstate.edu/cardio/
a,https://www.tnstate.edu/chemistry/
a,https://www.tnstate.edu/cae/degree-ce.aspx
a,https://www.tnstate.edu/computer_science/
a,https://www.tnstate.edu/criminaljustice/bachelor.aspx
a,https://www.tnstate.edu/dentalhygiene/
a,https://www.tnstate.edu/psychology/
a,https://www.tnstate.edu/teaching/
a,https://www.tnstate.edu/economics/
a,https://www.tnstate.edu/ece/
a,https://www.tnstate.edu/llp/
a,https://www.tnstate.edu/phas/
a,https://www.tnstate.edu/him/
a,https://www.tnstate.edu/phas/health_sciences.aspx
a,https://www.tnstate.edu/history/
a,https://www.tnstate.edu/hpss/
a,https://www.tnstate.edu/familyscience/index.aspx
a,https://www.tnstate.edu/mathematics/
a,https://www.tnstate.edu/me/
a,https://www.tnstate.edu/music/
a,https://www.tnstate.edu/nursing/
a,https://www.tnstate.edu/history/polisci.aspx
a,https://www.tnstate.edu/socialwork/bsw.aspx
a,https://www.tnstate.edu/Communications/programs.aspx
a,https://www.tnstate.edu/cpsua/degrees/bs_urbanstudies.aspx