w,https://www.tuskegee.edu/programs-courses/colleges-schools/cbis/computer-science
w,https://www.tuskegee.edu/programs-courses/colleges-schools/cbis/accounting-economics-finance-department
w,https://www.tuskegee.edu/programs-courses/colleges-schools/cbis/management
w,https://www.tuskegee.edu/programs-courses/colleges-schools/caens/daes
w,https://www.tuskegee.edu/programs-courses/colleges-schools/caens/fns
w,https://www.tuskegee.edu/programs-courses/colleges-schools/cas/biology
w,https://www.tuskegee.edu/programs-courses/colleges-schools/cas/chemistry
w,https://www.tuskegee.edu/programs-courses/colleges-schools/cas/fine-performing-arts
w,https://www.tuskegee.edu/programs-courses/colleges-schools/cas/history
w,https://www.tuskegee.edu/programs-courses/colleges-schools/cas/department-of-mathematics
w,https://www.tuskegee.edu/programs-courses/colleges-schools/cas/english
w,https://www.tuskegee.edu/programs-courses/colleges-schools/cas/physics
w,https://www.tuskegee.edu/programs-courses/colleges-schools/cas/psychology-sociology
w,https://www.tuskegee.edu/programs-courses/colleges-schools/cas/social-work
w,https://www.tuskegee.edu/programs-courses/colleges-schools/coe/aerospace-science-engineering
w,https://www.tuskegee.edu/programs-courses/colleges-schools/coe/chemical-engineering
w,https://www.tuskegee.edu/programs-courses/colleges-schools/coe/electrical-engineering
w,https://www.tuskegee.edu/programs-courses/colleges-schools/coe/materials-science-and-engineering-home
w,https://www.tuskegee.edu/programs-courses/colleges-schools/coe/mechanical-engineering
w,https://www.tuskegee.edu/programs-courses/colleges-schools/military-science
w,https://www.tuskegee.edu/programs-courses/colleges-schools/cvm/cvm-admissions
w,https://www.tuskegee.edu/programs-courses/colleges-schools/cvm/graduate-program-at-cvm
w,https://www.tuskegee.edu/programs-courses/colleges-schools/cvm/cvm-department-of-biomedical-sciences
w,https://www.tuskegee.edu/programs-courses/colleges-schools/cvm/cvm-department-of-clinical-sciences
w,https://www.tuskegee.edu/programs-courses/colleges-schools/cvm/cvm-department-of-pathobiology
w,https://www.tuskegee.edu/programs-courses/colleges-schools/cvm/cvm-department-of-graduate-public-health
w,https://www.tuskegee.edu/programs-courses/colleges-schools/cvm/veterinary-medical-teaching-hospital
w,https://www.tuskegee.edu/programs-courses/colleges-schools/cvm/cvm-tuskegee-university-college-of-veterinary-medicine-surgical-program
w,https://www.tuskegee.edu/programs-courses/colleges-schools/tsacs/department-of-architecture
w,https://www.tuskegee.edu/programs-courses/colleges-schools/tsacs/department-of-construction-science
w,https://www.tuskegee.edu/programs-courses/colleges-schools/soe/elementary-and-secondary-education
w,https://www.tuskegee.edu/programs-courses/colleges-schools/soe/physical-education
w,https://www.tuskegee.edu/programs-courses/colleges-schools/sonah/nursing
w,https://www.tuskegee.edu/programs-courses/colleges-schools/sonah/allied-health