w,https://www.xula.edu/department/department-of-art.html
w,https://www.xula.edu/department/department-of-biology.html
w,https://www.xula.edu/department/department-of-center-for-intercultural-and-international-programs.html
w,https://www.xula.edu/department/department-of-chemistry.html
w,https://www.xula.edu/department/department-of-english.html
w,https://www.xula.edu/department/department-of-history.html
w,https://www.xula.edu/department/department-of-languages.html
w,https://www.xula.edu/department/department-of-mass-communications.html
w,https://www.xula.edu/department/department-of-mathematics.html
w,https://www.xula.edu/department/department-of-theology.html
w,https://www.xula.edu/department/department-of-speech-pathology.html
w,https://www.xula.edu/department/department-of-sociology.html
w,https://www.xula.edu/department/department-of-psychology.html
w,https://www.xula.edu/department/department-of-political-science.html
w,https://www.xula.edu/department/department-of-physics-and-computer-science.html
w,https://www.xula.edu/department/department-of-physician-assistant-studies-program.html
w,https://www.xula.edu/department/department-of-philosophy.html
w,https://www.xula.edu/department/musicdpt.html